id,name,category,image_url
1,cal001-MARBLE-COASTER-ICONIC-BAGS,marble,static/imgs/marble/cal001-MARBLE-COASTER-ICONIC-BAGS.jpg
2,cal002-1,marble,static/imgs/marble/cal002-1.jpg
3,cal003,marble,static/imgs/marble/cal003.jpg
4,cal004,marble,static/imgs/marble/cal004.jpg
5,cal005_18th-century-fashion,marble,static/imgs/marble/cal005_18th-century-fashion.jpg
6,cal006_tote-bags,marble,static/imgs/marble/cal006_tote-bags.jpg
7,cal009_foulards,marble,static/imgs/marble/cal009_foulards.jpg
8,cal010_agate,marble,static/imgs/marble/cal010_agate.jpg
9,cal011_70s-fashion,marble,static/imgs/marble/cal011_70s-fashion.jpg
10,cal012_charlot-cards,marble,static/imgs/marble/cal012_charlot-cards.jpg
11,cal-013_japanese-characters,marble,static/imgs/marble/cal-013_japanese-characters.jpg
12,cal014_flower-hats,marble,static/imgs/marble/cal014_flower-hats.jpg
13,cal015_biscuits-pernot,marble,static/imgs/marble/cal015_biscuits-pernot.jpg
14,cal016_annas-garden,marble,static/imgs/marble/cal016_annas-garden.jpg
15,cal017_polena,marble,static/imgs/marble/cal017_polena.jpg
16,cal018_vintage-soccer,marble,static/imgs/marble/cal018_vintage-soccer.jpg
17,cal019_zodiac-mosaic,marble,static/imgs/marble/cal019_zodiac-mosaic.jpg
18,cal020_bw-hearts,marble,static/imgs/marble/cal020_bw-hearts.jpg
19,cal020_sunshine-all-the-time,marble,static/imgs/marble/cal020_sunshine-all-the-time.jpg
20,cal021_bw-hearts,marble,static/imgs/marble/cal021_bw-hearts.jpg
21,cal021_bw-hearts-1,marble,static/imgs/marble/cal021_bw-hearts-1.jpg
22,cal021_snowboarding-people,marble,static/imgs/marble/cal021_snowboarding-people.jpg
23,cal022_scandinavian-pattern,marble,static/imgs/marble/cal022_scandinavian-pattern.jpg
24,cn010,marble,static/imgs/marble/cn010.jpg
25,cn032,marble,static/imgs/marble/cn032.jpg
26,cn032-1,marble,static/imgs/marble/cn032-1.jpg
27,cn036,marble,static/imgs/marble/cn036.jpg
28,cn036_tulips,marble,static/imgs/marble/cn036_tulips.jpg
29,cn036-1,marble,static/imgs/marble/cn036-1.jpg
30,cn041,marble,static/imgs/marble/cn041.jpg
31,cn043,marble,static/imgs/marble/cn043.jpg
32,cn053,marble,static/imgs/marble/cn053.jpg
33,cn053-1,marble,static/imgs/marble/cn053-1.jpg
34,cn161_olives,marble,static/imgs/marble/cn161_olives.jpg
35,cn203,marble,static/imgs/marble/cn203.jpg
36,cn203-marble-coaster-india-buddah,marble,static/imgs/marble/cn203-marble-coaster-india-buddah.jpg
37,cn221,marble,static/imgs/marble/cn221.jpg
38,cn258,marble,static/imgs/marble/cn258.jpg
39,cn259,marble,static/imgs/marble/cn259.jpg
40,cn351,marble,static/imgs/marble/cn351.jpg
41,cn351-marble-coaster-ancient-egypt,marble,static/imgs/marble/cn351-marble-coaster-ancient-egypt.jpg
42,cn371,marble,static/imgs/marble/cn371.jpg
43,cn374,marble,static/imgs/marble/cn374.jpg
44,cn374b_geisha,marble,static/imgs/marble/cn374b_geisha.jpg
45,cn396,marble,static/imgs/marble/cn396.jpg
46,cn396-e1583940476887,marble,static/imgs/marble/cn396-e1583940476887.jpg
47,cn396-marble-coaster-sea-animals,marble,static/imgs/marble/cn396-marble-coaster-sea-animals.jpg
48,cn409,marble,static/imgs/marble/cn409.jpg
49,cn411_virgin-mary,marble,static/imgs/marble/cn411_virgin-mary.jpg
50,cn790,marble,static/imgs/marble/cn790.jpg
51,cn953,marble,static/imgs/marble/cn953.jpg
52,cn1037,marble,static/imgs/marble/cn1037.jpg
53,cn1061,marble,static/imgs/marble/cn1061.jpg
54,cn1061-marble-coaster-whale,marble,static/imgs/marble/cn1061-marble-coaster-whale.jpg
55,cn1136_pink-flamingo,marble,static/imgs/marble/cn1136_pink-flamingo.jpg
56,cn1160,marble,static/imgs/marble/cn1160.jpg
57,cn1170,marble,static/imgs/marble/cn1170.jpg
58,cn1805_skull-vanitas-momento-mori,marble,static/imgs/marble/cn1805_skull-vanitas-momento-mori.jpg
59,cn1811_spooky-halloween,marble,static/imgs/marble/cn1811_spooky-halloween.jpg
60,cn1814_salem-witches,marble,static/imgs/marble/cn1814_salem-witches.jpg
61,cn3960,marble,static/imgs/marble/cn3960.jpg
62,cn7900,marble,static/imgs/marble/cn7900.jpg
63,cnjb03,marble,static/imgs/marble/cnjb03.jpg
64,cnjb04,marble,static/imgs/marble/cnjb04.jpg
65,cnps09,marble,static/imgs/marble/cnps09.jpg
66,cu061,marble,static/imgs/marble/cu061.jpg
67,CU-61,marble,static/imgs/marble/CU-61.jpg
68,cu066-marble-coaster-french-wines,marble,static/imgs/marble/cu066-marble-coaster-french-wines.jpg
69,cu067-marble-coaster-french-wines,marble,static/imgs/marble/cu067-marble-coaster-french-wines.jpg
70,cu085-marble-coaster-french-wines,marble,static/imgs/marble/cu085-marble-coaster-french-wines.jpg
71,cu091,marble,static/imgs/marble/cu091.jpg
72,cu103,marble,static/imgs/marble/cu103.jpg
73,cu119,marble,static/imgs/marble/cu119.jpg
74,cu119_1,marble,static/imgs/marble/cu119_1.jpg
75,cu119_latin-quotes,marble,static/imgs/marble/cu119_latin-quotes.jpg
76,cu120,marble,static/imgs/marble/cu120.jpg
77,cu120_latin-quotes,marble,static/imgs/marble/cu120_latin-quotes.jpg
78,cu122,marble,static/imgs/marble/cu122.jpg
79,cu127,marble,static/imgs/marble/cu127.jpg
80,cu133,marble,static/imgs/marble/cu133.jpg
81,cu138,marble,static/imgs/marble/cu138.jpg
82,cu138_1,marble,static/imgs/marble/cu138_1.jpg
83,cu148_orig,marble,static/imgs/marble/cu148_orig.jpg
84,cu152,marble,static/imgs/marble/cu152.jpg
85,cu154_orig,marble,static/imgs/marble/cu154_orig.jpg
86,cu193-marble-coaster-french-wines,marble,static/imgs/marble/cu193-marble-coaster-french-wines.jpg
87,cu194-marble-coasters-french-wines,marble,static/imgs/marble/cu194-marble-coasters-french-wines.jpg
88,cu234-marble-coaster-love,marble,static/imgs/marble/cu234-marble-coaster-love.jpg
89,cu237-marble-coaster-ancient-greek-women-gynoecium,marble,static/imgs/marble/cu237-marble-coaster-ancient-greek-women-gynoecium.jpg
90,cu238-marble-coaster-iconography-human-body,marble,static/imgs/marble/cu238-marble-coaster-iconography-human-body.jpg
91,cu239-marble-coaster-vintage-bath,marble,static/imgs/marble/cu239-marble-coaster-vintage-bath.jpg
92,cu243-marble-coaster-weird-ads,marble,static/imgs/marble/cu243-marble-coaster-weird-ads.jpg
93,cu245-marble-coaster-prehistoric-rock-engraving,marble,static/imgs/marble/cu245-marble-coaster-prehistoric-rock-engraving.jpg
94,cu246-1,marble,static/imgs/marble/cu246-1.jpg
95,cu246-marble-coaster-ancient-greek-frescoes,marble,static/imgs/marble/cu246-marble-coaster-ancient-greek-frescoes.jpg
96,cu247-plain-grande,marble,static/imgs/marble/cu247-plain-grande.jpg
97,cu248-plain-grande,marble,static/imgs/marble/cu248-plain-grande.jpg
98,cu249-plain-grande,marble,static/imgs/marble/cu249-plain-grande.jpg
99,cu250-marble-coaster-heraldic-nimals,marble,static/imgs/marble/cu250-marble-coaster-heraldic-nimals.jpg
100,cu251-marble-coaster-heraldic-creatures,marble,static/imgs/marble/cu251-marble-coaster-heraldic-creatures.jpg
101,cu254,marble,static/imgs/marble/cu254.jpg
102,cu254-marble-coaster-vintage-ice-cream,marble,static/imgs/marble/cu254-marble-coaster-vintage-ice-cream.jpg
103,cu257-marble-coaster-day-of-the-dead-skull,marble,static/imgs/marble/cu257-marble-coaster-day-of-the-dead-skull.jpg
104,cu258-marble-coaster-ancient-roman-pompei,marble,static/imgs/marble/cu258-marble-coaster-ancient-roman-pompei.jpg
105,cu270-marble-coaster-french-wine-label,marble,static/imgs/marble/cu270-marble-coaster-french-wine-label.jpg
106,cu271-marble-coaster-writer-charles-dickens,marble,static/imgs/marble/cu271-marble-coaster-writer-charles-dickens.jpg
107,cu274-marble-coasters-crafts-mestieri,marble,static/imgs/marble/cu274-marble-coasters-crafts-mestieri.jpg
108,cu276-marble-coaster-saint-emilion-label,marble,static/imgs/marble/cu276-marble-coaster-saint-emilion-label.jpg
109,cu284-marble,marble,static/imgs/marble/cu284-marble.coaster.italian-renaissance.jpg
110,cu308-marble-coaster-vintage-telephones,marble,static/imgs/marble/cu308-marble-coaster-vintage-telephones.jpg
111,cu311-marble-coaster-botanics-flowers,marble,static/imgs/marble/cu311-marble-coaster-botanics-flowers.jpg
112,cu317-marble-coaster-middle-age-animals-bestiary,marble,static/imgs/marble/cu317-marble-coaster-middle-age-animals-bestiary.jpg
113,cu318-marble-coaster-middle-age-animals-bestiary,marble,static/imgs/marble/cu318-marble-coaster-middle-age-animals-bestiary.jpg
114,cu319-marble-coaster-middle-age-fantastic-creatures,marble,static/imgs/marble/cu319-marble-coaster-middle-age-fantastic-creatures.jpg
115,cu320-marble-coaster-middle-age-animals-bestiary,marble,static/imgs/marble/cu320-marble-coaster-middle-age-animals-bestiary.jpg
116,cu321-marble-coaster-cakes-macarons,marble,static/imgs/marble/cu321-marble-coaster-cakes-macarons.jpg
117,cu321-marble-coaster-cakes-macarons0,marble,static/imgs/marble/cu321-marble-coaster-cakes-macarons0.jpg
118,cu323-marble-coaster-muslim-calligraphy,marble,static/imgs/marble/cu323-marble-coaster-muslim-calligraphy.jpg
119,cu324-marble-coaster-middle-east-ceramic,marble,static/imgs/marble/cu324-marble-coaster-middle-east-ceramic.jpg
120,cu325-marble-coaster-middle-east-pattern,marble,static/imgs/marble/cu325-marble-coaster-middle-east-pattern.jpg
121,cu331-marble-coaster-day-of-the-dead-skull,marble,static/imgs/marble/cu331-marble-coaster-day-of-the-dead-skull.jpg
122,cu332-marble-coaster-day-of-the-dead-skull,marble,static/imgs/marble/cu332-marble-coaster-day-of-the-dead-skull.jpg
123,cu337-marble-coaster-animals-amphibian-toad,marble,static/imgs/marble/cu337-marble-coaster-animals-amphibian-toad.jpg
124,cu339-marble-coaster-vintage-new-year-postcard,marble,static/imgs/marble/cu339-marble-coaster-vintage-new-year-postcard.jpg
125,cu339-marble-coaster-vintage-new-year-postcard0,marble,static/imgs/marble/cu339-marble-coaster-vintage-new-year-postcard0.jpg
126,cu340-marble-coaster-vintage-new-year-postcard,marble,static/imgs/marble/cu340-marble-coaster-vintage-new-year-postcard.jpg
127,cu342-marble-coaster-blue-fish,marble,static/imgs/marble/cu342-marble-coaster-blue-fish.jpg
128,cu342-marble-coaster-blue-fish0,marble,static/imgs/marble/cu342-marble-coaster-blue-fish0.jpg
129,cu349-marble-coaster-rooster,marble,static/imgs/marble/cu349-marble-coaster-rooster.jpg
130,cu350-marblecoaster-rooster,marble,static/imgs/marble/cu350-marblecoaster-rooster.jpg
131,cu351-marble-coaster-french-wines,marble,static/imgs/marble/cu351-marble-coaster-french-wines.jpg
132,cu352-marble-french-wines,marble,static/imgs/marble/cu352-marble-french-wines.jpg
133,cu353-marble-coaster-french-wines,marble,static/imgs/marble/cu353-marble-coaster-french-wines.jpg
134,cu354-marble-coaster-french-wines,marble,static/imgs/marble/cu354-marble-coaster-french-wines.jpg
135,cu355-marble-coaster-french-wines-champagne,marble,static/imgs/marble/cu355-marble-coaster-french-wines-champagne.jpg
136,cu357-e1583947017384,marble,static/imgs/marble/cu357-e1583947017384.jpg
137,cu357-marble-coaster-india-elephants,marble,static/imgs/marble/cu357-marble-coaster-india-elephants.jpg
138,cu358-marble-coaster-japamn,marble,static/imgs/marble/cu358-marble-coaster-japamn.jpg
139,cu359-marble-coaster-flowers-white-yellow,marble,static/imgs/marble/cu359-marble-coaster-flowers-white-yellow.jpg
140,cu360-e1583947045792,marble,static/imgs/marble/cu360-e1583947045792.jpg
141,cu360-marble-coaster-pre-columbian-symbols,marble,static/imgs/marble/cu360-marble-coaster-pre-columbian-symbols.jpg
142,cu361-marble-coaster-flowers-tulip,marble,static/imgs/marble/cu361-marble-coaster-flowers-tulip.jpg
143,cu362-marble-coaster-flowers-tulip,marble,static/imgs/marble/cu362-marble-coaster-flowers-tulip.jpg
144,cu363-marble-coaster-flowers-round,marble,static/imgs/marble/cu363-marble-coaster-flowers-round.jpg
145,cu364,marble,static/imgs/marble/cu364.jpg
146,cu365-marble-coaster-tropical-trees,marble,static/imgs/marble/cu365-marble-coaster-tropical-trees.jpg
147,cu366-e1583944093714,marble,static/imgs/marble/cu366-e1583944093714.jpg
148,cu367-marble-coaster-pompei-frescoes,marble,static/imgs/marble/cu367-marble-coaster-pompei-frescoes.jpg
149,cu368-marble-coaster-pompei-frescoes,marble,static/imgs/marble/cu368-marble-coaster-pompei-frescoes.jpg
150,cu369-marble-coaster-italian-renaissance,marble,static/imgs/marble/cu369-marble-coaster-italian-renaissance.jpg
151,cu369-marble-coaster-italian-renaissance-deco,marble,static/imgs/marble/cu369-marble-coaster-italian-renaissance-deco.jpg
152,cu370-e1583947157806,marble,static/imgs/marble/cu370-e1583947157806.jpg
153,cu370-marble-coaster-geography-map-planisphere,marble,static/imgs/marble/cu370-marble-coaster-geography-map-planisphere.jpg
154,cu371-1,marble,static/imgs/marble/cu371-1.jpg
155,cu371-e1583947458350,marble,static/imgs/marble/cu371-e1583947458350.jpg
156,cu372-1,marble,static/imgs/marble/cu372-1.jpg
157,cu372-e1583947480588,marble,static/imgs/marble/cu372-e1583947480588.jpg
158,cu373-1,marble,static/imgs/marble/cu373-1.jpg
159,cu373-2,marble,static/imgs/marble/cu373-2.jpg
160,cu373-e1583944049937,marble,static/imgs/marble/cu373-e1583944049937.jpg
161,cu374,marble,static/imgs/marble/cu374.jpg
162,cu374-1,marble,static/imgs/marble/cu374-1.jpg
163,cu375,marble,static/imgs/marble/cu375.jpg
164,cu376-e1583944073271,marble,static/imgs/marble/cu376-e1583944073271.jpg
165,cu377,marble,static/imgs/marble/cu377.jpg
166,cu378,marble,static/imgs/marble/cu378.jpg
167,cu378-1,marble,static/imgs/marble/cu378-1.jpg
168,cu379,marble,static/imgs/marble/cu379.jpg
169,cu380,marble,static/imgs/marble/cu380.jpg
170,cu380-1,marble,static/imgs/marble/cu380-1.jpg
171,cu381,marble,static/imgs/marble/cu381.jpg
172,cu382,marble,static/imgs/marble/cu382.jpg
173,cu383,marble,static/imgs/marble/cu383.jpg
174,cu384,marble,static/imgs/marble/cu384.jpg
175,cu385,marble,static/imgs/marble/cu385.jpg
176,cu402,marble,static/imgs/marble/cu402.jpg
177,cu403,marble,static/imgs/marble/cu403.jpg
178,cu404,marble,static/imgs/marble/cu404.jpg
179,cu405,marble,static/imgs/marble/cu405.jpg
180,cu406,marble,static/imgs/marble/cu406.jpg
181,cu407,marble,static/imgs/marble/cu407.jpg
182,cu408,marble,static/imgs/marble/cu408.jpg
183,cu409,marble,static/imgs/marble/cu409.jpg
184,cu410,marble,static/imgs/marble/cu410.jpg
185,cu411,marble,static/imgs/marble/cu411.jpg
186,cu412,marble,static/imgs/marble/cu412.jpg
187,cu413,marble,static/imgs/marble/cu413.jpg
188,cu414,marble,static/imgs/marble/cu414.jpg
189,cu415,marble,static/imgs/marble/cu415.jpg
190,cu416,marble,static/imgs/marble/cu416.jpg
191,cu417,marble,static/imgs/marble/cu417.jpg
192,cu418,marble,static/imgs/marble/cu418.jpg
193,cu419,marble,static/imgs/marble/cu419.jpg
194,cu420,marble,static/imgs/marble/cu420.jpg
195,cu421,marble,static/imgs/marble/cu421.jpg
196,cu422,marble,static/imgs/marble/cu422.jpg
197,cu423,marble,static/imgs/marble/cu423.jpg
198,cu424,marble,static/imgs/marble/cu424.jpg
199,cu425,marble,static/imgs/marble/cu425.jpg
200,cu426,marble,static/imgs/marble/cu426.jpg
201,cu427,marble,static/imgs/marble/cu427.jpg
202,cu428,marble,static/imgs/marble/cu428.jpg
203,cu429,marble,static/imgs/marble/cu429.jpg
204,cu430,marble,static/imgs/marble/cu430.jpg
205,cu431,marble,static/imgs/marble/cu431.jpg
206,cu432,marble,static/imgs/marble/cu432.jpg
207,cu433,marble,static/imgs/marble/cu433.jpg
208,cu433-1,marble,static/imgs/marble/cu433-1.jpg
209,cu434,marble,static/imgs/marble/cu434.jpg
210,cu434-1,marble,static/imgs/marble/cu434-1.jpg
211,cu435,marble,static/imgs/marble/cu435.jpg
212,cu436,marble,static/imgs/marble/cu436.jpg
213,cu437,marble,static/imgs/marble/cu437.jpg
214,cu438,marble,static/imgs/marble/cu438.jpg
215,cu439,marble,static/imgs/marble/cu439.jpg
216,cu440,marble,static/imgs/marble/cu440.jpg
217,cu441,marble,static/imgs/marble/cu441.jpg
218,cu442,marble,static/imgs/marble/cu442.jpg
219,cu443,marble,static/imgs/marble/cu443.jpg
220,cu444,marble,static/imgs/marble/cu444.jpg
221,cu445,marble,static/imgs/marble/cu445.jpg
222,cu446,marble,static/imgs/marble/cu446.jpg
223,cu447,marble,static/imgs/marble/cu447.jpg
224,cu450,marble,static/imgs/marble/cu450.jpg
225,cu451,marble,static/imgs/marble/cu451.jpg
226,cu452,marble,static/imgs/marble/cu452.jpg
227,cu453,marble,static/imgs/marble/cu453.jpg
228,cu454,marble,static/imgs/marble/cu454.jpg
229,cu455,marble,static/imgs/marble/cu455.jpg
230,cu456,marble,static/imgs/marble/cu456.jpg
231,cu457,marble,static/imgs/marble/cu457.jpg
232,cu458,marble,static/imgs/marble/cu458.jpg
233,cu459,marble,static/imgs/marble/cu459.jpg
234,cu460,marble,static/imgs/marble/cu460.jpg
235,cu461,marble,static/imgs/marble/cu461.jpg
236,cu462,marble,static/imgs/marble/cu462.jpg
237,cu463,marble,static/imgs/marble/cu463.jpg
238,cu464,marble,static/imgs/marble/cu464.jpg
239,cu465,marble,static/imgs/marble/cu465.jpg
240,cu467,marble,static/imgs/marble/cu467.jpg
241,cu468,marble,static/imgs/marble/cu468.jpg
242,cu469,marble,static/imgs/marble/cu469.jpg
243,cu470,marble,static/imgs/marble/cu470.jpg
244,cu471,marble,static/imgs/marble/cu471.jpg
245,cu472,marble,static/imgs/marble/cu472.jpg
246,cu473,marble,static/imgs/marble/cu473.jpg
247,cu474,marble,static/imgs/marble/cu474.jpg
248,cu475,marble,static/imgs/marble/cu475.jpg
249,cu476,marble,static/imgs/marble/cu476.jpg
250,cu477,marble,static/imgs/marble/cu477.jpg
251,cu478,marble,static/imgs/marble/cu478.jpg
252,cu479,marble,static/imgs/marble/cu479.jpg
253,cu480,marble,static/imgs/marble/cu480.jpg
254,cu481,marble,static/imgs/marble/cu481.jpg
255,cu482,marble,static/imgs/marble/cu482.jpg
256,cu483,marble,static/imgs/marble/cu483.jpg
257,cu484,marble,static/imgs/marble/cu484.jpg
258,cu485,marble,static/imgs/marble/cu485.jpg
259,cu486,marble,static/imgs/marble/cu486.jpg
260,cu487,marble,static/imgs/marble/cu487.jpg
261,cu488,marble,static/imgs/marble/cu488.jpg
262,cu489,marble,static/imgs/marble/cu489.jpg
263,cu490,marble,static/imgs/marble/cu490.jpg
264,cu491,marble,static/imgs/marble/cu491.jpg
265,cu492,marble,static/imgs/marble/cu492.jpg
266,cu493,marble,static/imgs/marble/cu493.jpg
267,cu494,marble,static/imgs/marble/cu494.jpg
268,cu495,marble,static/imgs/marble/cu495.jpg
269,cu496,marble,static/imgs/marble/cu496.jpg
270,cu497,marble,static/imgs/marble/cu497.jpg
271,cu498,marble,static/imgs/marble/cu498.jpg
272,cu499,marble,static/imgs/marble/cu499.jpg
273,cu500,marble,static/imgs/marble/cu500.jpg
274,cu501,marble,static/imgs/marble/cu501.jpg
275,cu502,marble,static/imgs/marble/cu502.jpg
276,cu503,marble,static/imgs/marble/cu503.jpg
277,cu504,marble,static/imgs/marble/cu504.jpg
278,cu505,marble,static/imgs/marble/cu505.jpg
279,cu506,marble,static/imgs/marble/cu506.jpg
280,cu507,marble,static/imgs/marble/cu507.jpg
281,cu508,marble,static/imgs/marble/cu508.jpg
282,cu509,marble,static/imgs/marble/cu509.jpg
283,cu510,marble,static/imgs/marble/cu510.jpg
284,cu511,marble,static/imgs/marble/cu511.jpg
285,cu512,marble,static/imgs/marble/cu512.jpg
286,cu513,marble,static/imgs/marble/cu513.jpg
287,cu514,marble,static/imgs/marble/cu514.jpg
288,cu515,marble,static/imgs/marble/cu515.jpg
289,cu516,marble,static/imgs/marble/cu516.jpg
290,cu517,marble,static/imgs/marble/cu517.jpg
291,cu518,marble,static/imgs/marble/cu518.jpg
292,cu519,marble,static/imgs/marble/cu519.jpg
293,cu520,marble,static/imgs/marble/cu520.jpg
294,cu521,marble,static/imgs/marble/cu521.jpg
295,cu522,marble,static/imgs/marble/cu522.jpg
296,cu523,marble,static/imgs/marble/cu523.jpg
297,cu524,marble,static/imgs/marble/cu524.jpg
298,cu525,marble,static/imgs/marble/cu525.jpg
299,cu526,marble,static/imgs/marble/cu526.jpg
300,cu527,marble,static/imgs/marble/cu527.jpg
301,cu528,marble,static/imgs/marble/cu528.jpg
302,cu529,marble,static/imgs/marble/cu529.jpg
303,cu530,marble,static/imgs/marble/cu530.jpg
304,cu531,marble,static/imgs/marble/cu531.jpg
305,cu532,marble,static/imgs/marble/cu532.jpg
306,cu533,marble,static/imgs/marble/cu533.jpg
307,cu534,marble,static/imgs/marble/cu534.jpg
308,cu535,marble,static/imgs/marble/cu535.jpg
309,cu536,marble,static/imgs/marble/cu536.jpg
310,cu537,marble,static/imgs/marble/cu537.jpg
311,cu538,marble,static/imgs/marble/cu538.jpg
312,cu539,marble,static/imgs/marble/cu539.jpg
313,cu540,marble,static/imgs/marble/cu540.jpg
314,cu541,marble,static/imgs/marble/cu541.jpg
315,cu542,marble,static/imgs/marble/cu542.jpg
316,cu543,marble,static/imgs/marble/cu543.jpg
317,cu545,marble,static/imgs/marble/cu545.jpg
318,cu546abcd,marble,static/imgs/marble/cu546abcd.jpg
319,cu546efgh,marble,static/imgs/marble/cu546efgh.jpg
320,cu546ijkl,marble,static/imgs/marble/cu546ijkl.jpg
321,cu546qrst,marble,static/imgs/marble/cu546qrst.jpg
322,cu546uvwx,marble,static/imgs/marble/cu546uvwx.jpg
323,cu546yz,marble,static/imgs/marble/cu546yz.jpg
324,cu547,marble,static/imgs/marble/cu547.jpg
325,cu548,marble,static/imgs/marble/cu548.jpg
326,cu549,marble,static/imgs/marble/cu549.jpg
327,cu552,marble,static/imgs/marble/cu552.jpg
328,cu553,marble,static/imgs/marble/cu553.jpg
329,cu554,marble,static/imgs/marble/cu554.jpg
330,cu555,marble,static/imgs/marble/cu555.jpg
331,cu556,marble,static/imgs/marble/cu556.jpg
332,cu557,marble,static/imgs/marble/cu557.jpg
333,cu558,marble,static/imgs/marble/cu558.jpg
334,cu559_paper-dolls,marble,static/imgs/marble/cu559_paper-dolls.jpg
335,cu560,marble,static/imgs/marble/cu560.jpg
336,cu561,marble,static/imgs/marble/cu561.jpg
337,cu562,marble,static/imgs/marble/cu562.jpg
338,cu563,marble,static/imgs/marble/cu563.jpg
339,cu564,marble,static/imgs/marble/cu564.jpg
340,cu565,marble,static/imgs/marble/cu565.jpg
341,cu566,marble,static/imgs/marble/cu566.jpg
342,cu567,marble,static/imgs/marble/cu567.jpg
343,cu568,marble,static/imgs/marble/cu568.jpg
344,cu569,marble,static/imgs/marble/cu569.jpg
345,cu570,marble,static/imgs/marble/cu570.jpg
346,cu571,marble,static/imgs/marble/cu571.jpg
347,cu572,marble,static/imgs/marble/cu572.jpg
348,cu573,marble,static/imgs/marble/cu573.jpg
349,cu574,marble,static/imgs/marble/cu574.jpg
350,cu575,marble,static/imgs/marble/cu575.jpg
351,cu576,marble,static/imgs/marble/cu576.jpg
352,cu577,marble,static/imgs/marble/cu577.jpg
353,cu577-1,marble,static/imgs/marble/cu577-1.jpg
354,cu578,marble,static/imgs/marble/cu578.jpg
355,cu578-1,marble,static/imgs/marble/cu578-1.jpg
356,cu579,marble,static/imgs/marble/cu579.jpg
357,cu579-1,marble,static/imgs/marble/cu579-1.jpg
358,cu580,marble,static/imgs/marble/cu580.jpg
359,cu580-1,marble,static/imgs/marble/cu580-1.jpg
360,cu581,marble,static/imgs/marble/cu581.jpg
361,cu581-1,marble,static/imgs/marble/cu581-1.jpg
362,cu582,marble,static/imgs/marble/cu582.jpg
363,cu583,marble,static/imgs/marble/cu583.jpg
364,cu584,marble,static/imgs/marble/cu584.jpg
365,cu585,marble,static/imgs/marble/cu585.jpg
366,cu586,marble,static/imgs/marble/cu586.jpg
367,cu587,marble,static/imgs/marble/cu587.jpg
368,cu588,marble,static/imgs/marble/cu588.jpg
369,cu589,marble,static/imgs/marble/cu589.jpg
370,cu590,marble,static/imgs/marble/cu590.jpg
371,cu591,marble,static/imgs/marble/cu591.jpg
372,cu592,marble,static/imgs/marble/cu592.jpg
373,cu593,marble,static/imgs/marble/cu593.jpg
374,cu594,marble,static/imgs/marble/cu594.jpg
375,cu595,marble,static/imgs/marble/cu595.jpg
376,cu596,marble,static/imgs/marble/cu596.jpg
377,cu597,marble,static/imgs/marble/cu597.jpg
378,cu598,marble,static/imgs/marble/cu598.jpg
379,cu599,marble,static/imgs/marble/cu599.jpg
380,cu600,marble,static/imgs/marble/cu600.jpg
381,cu601,marble,static/imgs/marble/cu601.jpg
382,cu602,marble,static/imgs/marble/cu602.jpg
383,cu603,marble,static/imgs/marble/cu603.jpg
384,cu604,marble,static/imgs/marble/cu604.jpg
385,cu605,marble,static/imgs/marble/cu605.jpg
386,cu606,marble,static/imgs/marble/cu606.jpg
387,cu607,marble,static/imgs/marble/cu607.jpg
388,cu608,marble,static/imgs/marble/cu608.jpg
389,cu609,marble,static/imgs/marble/cu609.jpg
390,cu610,marble,static/imgs/marble/cu610.jpg
391,cu611,marble,static/imgs/marble/cu611.jpg
392,cu612,marble,static/imgs/marble/cu612.jpg
393,cu613,marble,static/imgs/marble/cu613.jpg
394,cu614,marble,static/imgs/marble/cu614.jpg
395,cu615,marble,static/imgs/marble/cu615.jpg
396,cu616,marble,static/imgs/marble/cu616.jpg
397,cu617,marble,static/imgs/marble/cu617.jpg
398,cu618,marble,static/imgs/marble/cu618.jpg
399,cu619,marble,static/imgs/marble/cu619.jpg
400,cu620,marble,static/imgs/marble/cu620.jpg
401,cu621,marble,static/imgs/marble/cu621.jpg
402,cu622,marble,static/imgs/marble/cu622.jpg
403,cu623,marble,static/imgs/marble/cu623.jpg
404,cu624,marble,static/imgs/marble/cu624.jpg
405,cu636,marble,static/imgs/marble/cu636.jpg
406,cu638,marble,static/imgs/marble/cu638.jpg
407,cu639,marble,static/imgs/marble/cu639.jpg
408,cu640,marble,static/imgs/marble/cu640.jpg
409,cu641,marble,static/imgs/marble/cu641.jpg
410,cu643_iznik,marble,static/imgs/marble/cu643_iznik.jpg
411,cu644_iznik2,marble,static/imgs/marble/cu644_iznik2.jpg
412,cu645_iznik3,marble,static/imgs/marble/cu645_iznik3.jpg
413,cu646_iznik4,marble,static/imgs/marble/cu646_iznik4.jpg
414,cu647_iznik5,marble,static/imgs/marble/cu647_iznik5.jpg
415,cu649_trencadis,marble,static/imgs/marble/cu649_trencadis.jpg
416,cu650_trencadis,marble,static/imgs/marble/cu650_trencadis.jpg
417,cu651_trencadis,marble,static/imgs/marble/cu651_trencadis.jpg
418,cu652_trencadis,marble,static/imgs/marble/cu652_trencadis.jpg
419,cu655_owl,marble,static/imgs/marble/cu655_owl.jpg
420,cu656_owl,marble,static/imgs/marble/cu656_owl.jpg
421,cu668_anfibi,marble,static/imgs/marble/cu668_anfibi.jpg
422,cu669_ciro-il-grande-di-persia,marble,static/imgs/marble/cu669_ciro-il-grande-di-persia.jpg
423,cu670_italy-vintage-ads,marble,static/imgs/marble/cu670_italy-vintage-ads.jpg
424,cu671_tulip-ads,marble,static/imgs/marble/cu671_tulip-ads.jpg
425,cu674_hamsa-o-fatima-hand,marble,static/imgs/marble/cu674_hamsa-o-fatima-hand.jpg
426,cu675_hamsa-o-fatima-hand,marble,static/imgs/marble/cu675_hamsa-o-fatima-hand.jpg
427,cu676_cani,marble,static/imgs/marble/cu676_cani.jpg
428,cu678_sacred-heart,marble,static/imgs/marble/cu678_sacred-heart.jpg
429,cu679_ermellino-hermine-ermine,marble,static/imgs/marble/cu679_ermellino-hermine-ermine.jpg
430,cu680_istrice-porcupine-porc-epic,marble,static/imgs/marble/cu680_istrice-porcupine-porc-epic.jpg
431,cu681_salamandra,marble,static/imgs/marble/cu681_salamandra.jpg
432,cu682_fleur-de-lys,marble,static/imgs/marble/cu682_fleur-de-lys.jpg
433,cu683_fleur-de-lys2,marble,static/imgs/marble/cu683_fleur-de-lys2.jpg
434,cu0910,marble,static/imgs/marble/cu0910.jpg
435,cu1200,marble,static/imgs/marble/cu1200.jpg
436,cu1270,marble,static/imgs/marble/cu1270.jpg
437,cu1330,marble,static/imgs/marble/cu1330.jpg
438,cu4110,marble,static/imgs/marble/cu4110.jpg
439,cu4120,marble,static/imgs/marble/cu4120.jpg
440,cu4130,marble,static/imgs/marble/cu4130.jpg
441,cu4190,marble,static/imgs/marble/cu4190.jpg
442,cu4330,marble,static/imgs/marble/cu4330.jpg
443,cu4360,marble,static/imgs/marble/cu4360.jpg
444,cu4370,marble,static/imgs/marble/cu4370.jpg
445,cu4640,marble,static/imgs/marble/cu4640.jpg
446,cu4750,marble,static/imgs/marble/cu4750.jpg
447,cu4810,marble,static/imgs/marble/cu4810.jpg
448,cu4820,marble,static/imgs/marble/cu4820.jpg
449,cu4850,marble,static/imgs/marble/cu4850.jpg
450,cu4960,marble,static/imgs/marble/cu4960.jpg
451,cu4970,marble,static/imgs/marble/cu4970.jpg
452,cu4980,marble,static/imgs/marble/cu4980.jpg
453,cu5580,marble,static/imgs/marble/cu5580.jpg
454,cu5770,marble,static/imgs/marble/cu5770.jpg
455,cu5780,marble,static/imgs/marble/cu5780.jpg
456,cu5790,marble,static/imgs/marble/cu5790.jpg
457,cu5850,marble,static/imgs/marble/cu5850.jpg
458,cu5900,marble,static/imgs/marble/cu5900.jpg
459,cu5910,marble,static/imgs/marble/cu5910.jpg
460,cu5920,marble,static/imgs/marble/cu5920.jpg
461,cu5980,marble,static/imgs/marble/cu5980.jpg
462,cu6060,marble,static/imgs/marble/cu6060.jpg
463,cu6140,marble,static/imgs/marble/cu6140.jpg
464,cu6150,marble,static/imgs/marble/cu6150.jpg
465,cu6160,marble,static/imgs/marble/cu6160.jpg
466,cu6170,marble,static/imgs/marble/cu6170.jpg
467,cu6180,marble,static/imgs/marble/cu6180.jpg
468,cu6190,marble,static/imgs/marble/cu6190.jpg
469,cu6220,marble,static/imgs/marble/cu6220.jpg
470,cu6360,marble,static/imgs/marble/cu6360.jpg
471,cu6380,marble,static/imgs/marble/cu6380.jpg
472,cu6390,marble,static/imgs/marble/cu6390.jpg
473,cu6400,marble,static/imgs/marble/cu6400.jpg
474,cu6410,marble,static/imgs/marble/cu6410.jpg
475,c546mnop,,static/imgs/marble/c546mnop.jpg
476,RV005,books,static/imgs/books/RV005.jpg
477,RV001,books,static/imgs/books/RV001.jpg
478,RV002,books,static/imgs/books/RV002.jpg
479,RV003,books,static/imgs/books/RV003.jpg
480,RV004,books,static/imgs/books/RV004.jpg
481,XQ002,marble_hearts,static/imgs/marble/hearts/XQ002.jpg
482,XQ004,marble_hearts,static/imgs/marble/hearts/XQ004.jpg
483,XQ005,marble_hearts,static/imgs/marble/hearts/XQ005.png
484,XQ006,marble_hearts,static/imgs/marble/hearts/XQ006.jpg
485,XQ009,marble_hearts,static/imgs/marble/hearts/XQ009.jpg
486,XQ011,marble_hearts,static/imgs/marble/hearts/XQ011.jpg
487,XQ017,marble_hearts,static/imgs/marble/hearts/XQ017.jpg
488,XQ018,marble_hearts,static/imgs/marble/hearts/XQ018.jpg
489,XQ021,marble_hearts,static/imgs/marble/hearts/XQ021.jpg
490,XQ022,marble_hearts,static/imgs/marble/hearts/XQ022.jpg
491,XQ023,marble_hearts,static/imgs/marble/hearts/XQ023.jpg
492,XQ024,marble_hearts,static/imgs/marble/hearts/XQ024.jpg
493,XQ027,marble_hearts,static/imgs/marble/hearts/XQ027.jpg
494,XQ030,marble_hearts,static/imgs/marble/hearts/XQ030.jpg
495,XQ039,marble_hearts,static/imgs/marble/hearts/XQ039.jpg
496,XQ043,marble_hearts,static/imgs/marble/hearts/XQ043.jpg
497,XQ053,marble_hearts,static/imgs/marble/hearts/XQ053.jpg
498,XQ107,marble_hearts,static/imgs/marble/hearts/XQ107.jpg
499,XQ107A,marble_hearts,static/imgs/marble/hearts/XQ107A.jpg
500,XQ159,marble_hearts,static/imgs/marble/hearts/XQ159.jpg
501,XQ174,marble_hearts,static/imgs/marble/hearts/XQ174.jpg
502,XQ175,marble_hearts,static/imgs/marble/hearts/XQ175.jpg
503,XQ176,marble_hearts,static/imgs/marble/hearts/XQ176.jpg
504,XQ178,marble_hearts,static/imgs/marble/hearts/XQ178.jpg
505,XQ180,marble_hearts,static/imgs/marble/hearts/XQ180.jpg
506,XQ188,marble_hearts,static/imgs/marble/hearts/XQ188.jpg
507,XQ192,marble_hearts,static/imgs/marble/hearts/XQ192.jpg
508,XQ204,marble_hearts,static/imgs/marble/hearts/XQ204.jpg
509,XQ234,marble_hearts,static/imgs/marble/hearts/XQ234.jpg
510,XQ242,marble_hearts,static/imgs/marble/hearts/XQ242.jpg
511,XQ244,marble_hearts,static/imgs/marble/hearts/XQ244.jpg
512,XQ247,marble_hearts,static/imgs/marble/hearts/XQ247.jpg
513,XQ248,marble_hearts,static/imgs/marble/hearts/XQ248.jpg
514,XQ255,marble_hearts,static/imgs/marble/hearts/XQ255.jpg
515,XQ257,marble_hearts,static/imgs/marble/hearts/XQ257.jpg
516,XQ258,marble_hearts,static/imgs/marble/hearts/XQ258.jpg
517,XQ261,marble_hearts,static/imgs/marble/hearts/XQ261.jpg
518,XQ262,marble_hearts,static/imgs/marble/hearts/XQ262.jpg
519,XQ263,marble_hearts,static/imgs/marble/hearts/XQ263.jpg
520,XQ264,marble_hearts,static/imgs/marble/hearts/XQ264.jpg
521,XQ269,marble_hearts,static/imgs/marble/hearts/XQ269.jpg
522,XQ001,marble_hearts,static/imgs/marble/hearts/XQ001.jpg
523,B001-e1585941312208,slate,static/imgs/slate/B001-e1585941312208.jpg
524,B002-black-slate-japan-theater-mask,slate,static/imgs/slate/B002-black-slate-japan-theater-mask.jpg
525,B003-black-slate-esoterics-human-body-skull,slate,static/imgs/slate/B003-black-slate-esoterics-human-body-skull.jpg
526,B004-e1586179261752,slate,static/imgs/slate/B004-e1586179261752.jpg
527,B005-e1586179031116,slate,static/imgs/slate/B005-e1586179031116.jpg
528,B006_edited,slate,static/imgs/slate/B006_edited.jpg
529,B006-black-slate-fruits-peach-pear-apricot-cucumber,slate,static/imgs/slate/B006-black-slate-fruits-peach-pear-apricot-cucumber.jpg
530,B007,slate,static/imgs/slate/B007.jpg
531,B007-1-e1585942012291,slate,static/imgs/slate/B007-1-e1585942012291.jpg
532,B007-black-slate-middle-age-knights-horses,slate,static/imgs/slate/B007-black-slate-middle-age-knights-horses.jpg
533,B008,slate,static/imgs/slate/B008.jpg
534,B008-1-e1585941765801,slate,static/imgs/slate/B008-1-e1585941765801.jpg
535,B008-black-slate-middle-age-duel-sword-knife,slate,static/imgs/slate/B008-black-slate-middle-age-duel-sword-knife.jpg
536,B009,slate,static/imgs/slate/B009.jpg
537,B009-black-slate-japan-theater-mask,slate,static/imgs/slate/B009-black-slate-japan-theater-mask.jpg
538,B010-black-slate-middle-age-duel-armour-javelin,slate,static/imgs/slate/B010-black-slate-middle-age-duel-armour-javelin.jpg
539,B011-black-slate-japan-theater-mask,slate,static/imgs/slate/B011-black-slate-japan-theater-mask.jpg
540,B012-black-slate-esoterics-magic-symbol-negative,slate,static/imgs/slate/B012-black-slate-esoterics-magic-symbol-negative.jpg
541,B013,slate,static/imgs/slate/B013.jpg
542,B014,slate,static/imgs/slate/B014.jpg
543,B015,slate,static/imgs/slate/B015.jpg
544,B016,slate,static/imgs/slate/B016.jpg
545,B017,slate,static/imgs/slate/B017.jpg
546,B018,slate,static/imgs/slate/B018.jpg
547,B019,slate,static/imgs/slate/B019.jpg
548,B020,slate,static/imgs/slate/B020.jpg
549,B021,slate,static/imgs/slate/B021.jpg
550,B022,slate,static/imgs/slate/B022.jpg
551,B023,slate,static/imgs/slate/B023.jpg
552,B024,slate,static/imgs/slate/B024.jpg
553,B025,slate,static/imgs/slate/B025.jpg
554,B026,slate,static/imgs/slate/B026.jpg
555,B027,slate,static/imgs/slate/B027.jpg
556,B028,slate,static/imgs/slate/B028.jpg
557,B029,slate,static/imgs/slate/B029.jpg
558,B030,slate,static/imgs/slate/B030.jpg
559,B031,slate,static/imgs/slate/B031.jpg
560,B032,slate,static/imgs/slate/B032.jpg
561,B033,slate,static/imgs/slate/B033.jpg
562,B034,slate,static/imgs/slate/B034.jpg
563,B035,slate,static/imgs/slate/B035.jpg
564,B036,slate,static/imgs/slate/B036.jpg
565,B037,slate,static/imgs/slate/B037.jpg
566,B038,slate,static/imgs/slate/B038.jpg
567,B039,slate,static/imgs/slate/B039.jpg
568,B040,slate,static/imgs/slate/B040.jpg
569,B041,slate,static/imgs/slate/B041.jpg
570,B042,slate,static/imgs/slate/B042.jpg
571,B043,slate,static/imgs/slate/B043.jpg
572,B044,slate,static/imgs/slate/B044.jpg
573,B045-black-slate-zoology-sea-star-negative,slate,static/imgs/slate/B045-black-slate-zoology-sea-star-negative.jpg
574,B046,slate,static/imgs/slate/B046.jpg
575,B001-black-slate-japan-theater-mask,slate,static/imgs/slate/B001-black-slate-japan-theater-mask.jpg
576,PLA004,terracotta_3d,static/imgs/terracotta/3d/PLA004.jpg
577,PLA005,terracotta_3d,static/imgs/terracotta/3d/PLA005.jpg
578,PLA006,terracotta_3d,static/imgs/terracotta/3d/PLA006.jpg
579,PLA007,terracotta_3d,static/imgs/terracotta/3d/PLA007.jpg
580,PLA009,terracotta_3d,static/imgs/terracotta/3d/PLA009.jpg
581,PLA001,terracotta_3d,static/imgs/terracotta/3d/PLA001.jpg
582,PLA002,terracotta_3d,static/imgs/terracotta/3d/PLA002.jpg
583,PLA003-1,terracotta_3d,static/imgs/terracotta/3d/PLA003-1.jpg
584,xtcu207-e1584117517556,terracotta,static/imgs/terracotta/xtcu207-e1584117517556.jpg
585,xtcu208,terracotta,static/imgs/terracotta/xtcu208.jpg
586,xtcu208-e1584117546736,terracotta,static/imgs/terracotta/xtcu208-e1584117546736.jpg
587,xtcu209,terracotta,static/imgs/terracotta/xtcu209.jpg
588,xtcu209-e1584117567826,terracotta,static/imgs/terracotta/xtcu209-e1584117567826.jpg
589,xtcu210,terracotta,static/imgs/terracotta/xtcu210.jpg
590,xtcu210-e1584117603400,terracotta,static/imgs/terracotta/xtcu210-e1584117603400.jpg
591,xtcu211,terracotta,static/imgs/terracotta/xtcu211.jpg
592,xtcu211-e1584117675925,terracotta,static/imgs/terracotta/xtcu211-e1584117675925.jpg
593,xtcu212,terracotta,static/imgs/terracotta/xtcu212.jpg
594,xtcu212-e1584117708471,terracotta,static/imgs/terracotta/xtcu212-e1584117708471.jpg
595,xtcu213,terracotta,static/imgs/terracotta/xtcu213.jpg
596,xtcu213-e1584117723155,terracotta,static/imgs/terracotta/xtcu213-e1584117723155.jpg
597,xtcu214,terracotta,static/imgs/terracotta/xtcu214.jpg
598,xtcu214-e1584117735927,terracotta,static/imgs/terracotta/xtcu214-e1584117735927.jpg
599,xtcu215,terracotta,static/imgs/terracotta/xtcu215.jpg
600,xtcu215-e1584118431464,terracotta,static/imgs/terracotta/xtcu215-e1584118431464.jpg
601,xtcu216,terracotta,static/imgs/terracotta/xtcu216.jpg
602,xtcu216-e1584118453316,terracotta,static/imgs/terracotta/xtcu216-e1584118453316.jpg
603,xtcu217,terracotta,static/imgs/terracotta/xtcu217.jpg
604,xtcu217-e1584118584713,terracotta,static/imgs/terracotta/xtcu217-e1584118584713.jpg
605,xtcu218,terracotta,static/imgs/terracotta/xtcu218.jpg
606,xtcu218-e1584118597606,terracotta,static/imgs/terracotta/xtcu218-e1584118597606.jpg
607,xtcu219,terracotta,static/imgs/terracotta/xtcu219.jpg
608,xtcu219-e1584118607692,terracotta,static/imgs/terracotta/xtcu219-e1584118607692.jpg
609,xtcu220,terracotta,static/imgs/terracotta/xtcu220.jpg
610,xtcu220-e1584118626663,terracotta,static/imgs/terracotta/xtcu220-e1584118626663.jpg
611,xtcu221,terracotta,static/imgs/terracotta/xtcu221.jpg
612,xtcu221-e1584118640116,terracotta,static/imgs/terracotta/xtcu221-e1584118640116.jpg
613,xtcu222,terracotta,static/imgs/terracotta/xtcu222.jpg
614,xtcu222-e1584118651341,terracotta,static/imgs/terracotta/xtcu222-e1584118651341.jpg
615,xtcu223,terracotta,static/imgs/terracotta/xtcu223.jpg
616,xtcu223-e1584118660724,terracotta,static/imgs/terracotta/xtcu223-e1584118660724.jpg
617,xtcu224,terracotta,static/imgs/terracotta/xtcu224.jpg
618,xtcu224-e1584118673707,terracotta,static/imgs/terracotta/xtcu224-e1584118673707.jpg
619,xtcu225,terracotta,static/imgs/terracotta/xtcu225.jpg
620,xtcu226,terracotta,static/imgs/terracotta/xtcu226.jpg
621,xtcu226-e1584118717219,terracotta,static/imgs/terracotta/xtcu226-e1584118717219.jpg
622,xtcu227,terracotta,static/imgs/terracotta/xtcu227.jpg
623,xtcu227-e1584118733503,terracotta,static/imgs/terracotta/xtcu227-e1584118733503.jpg
624,xtcu280,terracotta,static/imgs/terracotta/xtcu280.jpg
625,xtcu289,terracotta,static/imgs/terracotta/xtcu289.jpg
626,xtcu290,terracotta,static/imgs/terracotta/xtcu290.jpg
627,xtcu291,terracotta,static/imgs/terracotta/xtcu291.jpg
628,xtcu292,terracotta,static/imgs/terracotta/xtcu292.jpg
629,xtcu293,terracotta,static/imgs/terracotta/xtcu293.jpg
630,xtcu294,terracotta,static/imgs/terracotta/xtcu294.jpg
631,xtcu295,terracotta,static/imgs/terracotta/xtcu295.jpg
632,xtcu296,terracotta,static/imgs/terracotta/xtcu296.jpg
633,xtcu297,terracotta,static/imgs/terracotta/xtcu297.jpg
634,xtcu298,terracotta,static/imgs/terracotta/xtcu298.jpg
635,xtcu299,terracotta,static/imgs/terracotta/xtcu299.jpg
636,xtcu300,terracotta,static/imgs/terracotta/xtcu300.jpg
637,xtcu301,terracotta,static/imgs/terracotta/xtcu301.jpg
638,xtcu302,terracotta,static/imgs/terracotta/xtcu302.jpg
639,xtcu303,terracotta,static/imgs/terracotta/xtcu303.jpg
640,xtcu312,terracotta,static/imgs/terracotta/xtcu312.jpg
641,xtcu313,terracotta,static/imgs/terracotta/xtcu313.jpg
642,xtcu313-e1584117025434,terracotta,static/imgs/terracotta/xtcu313-e1584117025434.jpg
643,xtcu314,terracotta,static/imgs/terracotta/xtcu314.jpg
644,xtcu314-e1584117142119,terracotta,static/imgs/terracotta/xtcu314-e1584117142119.jpg
645,xtcu315,terracotta,static/imgs/terracotta/xtcu315.jpg
646,xtcu315-e1584117433648,terracotta,static/imgs/terracotta/xtcu315-e1584117433648.jpg
647,xtcu316,terracotta,static/imgs/terracotta/xtcu316.jpg
648,xtcu316-e1584117451327,terracotta,static/imgs/terracotta/xtcu316-e1584117451327.jpg
649,xtcu348,terracotta,static/imgs/terracotta/xtcu348.jpg
650,xtcu348-e1584117478589,terracotta,static/imgs/terracotta/xtcu348-e1584117478589.jpg
651,xtcu386,terracotta,static/imgs/terracotta/xtcu386.jpg
652,xtcu387,terracotta,static/imgs/terracotta/xtcu387.jpg
653,xtcu388,terracotta,static/imgs/terracotta/xtcu388.jpg
654,xtcu389,terracotta,static/imgs/terracotta/xtcu389.jpg
655,xtcu390,terracotta,static/imgs/terracotta/xtcu390.jpg
656,xtcu391,terracotta,static/imgs/terracotta/xtcu391.jpg
657,xtcu392,terracotta,static/imgs/terracotta/xtcu392.jpg
658,xtcu393,terracotta,static/imgs/terracotta/xtcu393.jpg
659,xtcu394,terracotta,static/imgs/terracotta/xtcu394.jpg
660,xtcu395,terracotta,static/imgs/terracotta/xtcu395.jpg
661,xtcu396,terracotta,static/imgs/terracotta/xtcu396.jpg
662,xtcu397,terracotta,static/imgs/terracotta/xtcu397.jpg
663,xtcu398,terracotta,static/imgs/terracotta/xtcu398.jpg
664,xtcu399,terracotta,static/imgs/terracotta/xtcu399.jpg
665,xtcu400,terracotta,static/imgs/terracotta/xtcu400.jpg
666,xtcu401,terracotta,static/imgs/terracotta/xtcu401.jpg
667,xtcu2250,terracotta,static/imgs/terracotta/xtcu2250.jpg
668,xtcu2800,terracotta,static/imgs/terracotta/xtcu2800.jpg
669,xtcu2890,terracotta,static/imgs/terracotta/xtcu2890.jpg
670,xtcu2900,terracotta,static/imgs/terracotta/xtcu2900.jpg
671,xtcu2910,terracotta,static/imgs/terracotta/xtcu2910.jpg
672,xtcu2920,terracotta,static/imgs/terracotta/xtcu2920.jpg
673,xtcu2930,terracotta,static/imgs/terracotta/xtcu2930.jpg
674,xtcu2940,terracotta,static/imgs/terracotta/xtcu2940.jpg
675,xtcu2950,terracotta,static/imgs/terracotta/xtcu2950.jpg
676,xtcu2960,terracotta,static/imgs/terracotta/xtcu2960.jpg
677,xtcu2970,terracotta,static/imgs/terracotta/xtcu2970.jpg
678,xtcu2980,terracotta,static/imgs/terracotta/xtcu2980.jpg
679,xtcu2990,terracotta,static/imgs/terracotta/xtcu2990.jpg
680,xtcu3000,terracotta,static/imgs/terracotta/xtcu3000.jpg
681,xtcu3010,terracotta,static/imgs/terracotta/xtcu3010.jpg
682,xtcu3020,terracotta,static/imgs/terracotta/xtcu3020.jpg
683,xtcu3030,terracotta,static/imgs/terracotta/xtcu3030.jpg
684,xtcu3120,terracotta,static/imgs/terracotta/xtcu3120.jpg
685,xtcu3860,terracotta,static/imgs/terracotta/xtcu3860.jpg
686,xtcu3870,terracotta,static/imgs/terracotta/xtcu3870.jpg
687,xtcu3880,terracotta,static/imgs/terracotta/xtcu3880.jpg
688,xtcu3890,terracotta,static/imgs/terracotta/xtcu3890.jpg
689,xtcu3900,terracotta,static/imgs/terracotta/xtcu3900.jpg
690,xtcu3910,terracotta,static/imgs/terracotta/xtcu3910.jpg
691,xtcu3920,terracotta,static/imgs/terracotta/xtcu3920.jpg
692,xtcu3930,terracotta,static/imgs/terracotta/xtcu3930.jpg
693,xtcu3940,terracotta,static/imgs/terracotta/xtcu3940.jpg
694,xtcu3950,terracotta,static/imgs/terracotta/xtcu3950.jpg
695,xtcu3960,terracotta,static/imgs/terracotta/xtcu3960.jpg
696,xtcu3970,terracotta,static/imgs/terracotta/xtcu3970.jpg
697,xtcu3980,terracotta,static/imgs/terracotta/xtcu3980.jpg
698,xtcu3990,terracotta,static/imgs/terracotta/xtcu3990.jpg
699,xtcu4000,terracotta,static/imgs/terracotta/xtcu4000.jpg
700,xtcu4010,terracotta,static/imgs/terracotta/xtcu4010.jpg
701,xtcu207,terracotta,static/imgs/terracotta/xtcu207.jpg
